01067	35,57	37,57	64,18
01069	35,57	37,57	64,18
01097	35,89	37,89	64,50
01099	35,89	37,89	64,50
01108	35,57	37,57	64,18
01109	35,57	37,57	64,18
01127	35,57	37,57	64,18
01129	35,89	37,89	64,50
01139	35,57	37,57	64,18
01156	35,57	37,57	64,18
01157	35,57	37,57	64,18
01159	35,57	37,57	64,18
01169	35,57	37,57	64,18
01187	35,89	37,89	64,50
01189	35,57	37,57	64,18
01217	35,57	37,57	64,18
01219	35,57	37,57	64,18
01237	35,57	37,57	64,18
01239	35,89	37,89	64,50
01257	35,57	37,57	64,18
01259	35,57	37,57	64,18
01277	36,56	38,56	65,16
01279	35,89	37,89	64,50
01307	35,57	37,57	64,18
01309	37,58	39,58	66,19
01324	36,56	38,56	65,16
01326	35,89	37,89	64,50
01328	35,57	37,57	64,18
01445	35,57	37,57	64,18
01454	35,57	37,57	64,18
01458	35,57	37,57	64,18
01465	35,57	37,57	64,18
01468	35,57	37,57	64,18
01471	35,57	37,57	64,18
01477	35,57	37,57	64,18
01558	35,57	37,57	64,18
01561	35,57	37,57	64,18
01587	35,57	37,57	64,18
01589	35,57	37,57	64,18
01591	35,57	37,57	64,18
01594	35,57	37,57	64,18
01609	35,57	37,57	64,18
01612	35,57	37,57	64,18
01616	35,57	37,57	64,18
01619	35,57	37,57	64,18
01623	35,57	37,57	64,18
01640	35,57	37,57	64,18
01662	35,57	37,57	64,18
01665	35,57	37,57	64,18
01683	35,57	37,57	64,18
01689	35,57	37,57	64,18
01705	35,57	37,57	64,18
01723	35,57	37,57	64,18
01728	35,57	37,57	64,18
01731	35,57	37,57	64,18
01734	35,57	37,57	64,18
01737	35,57	37,57	64,18
01738	35,57	37,57	64,18
01744	35,57	37,57	64,18
01762	35,57	37,57	64,18
01768	35,57	37,57	64,18
01773	35,57	37,57	64,18
01774	35,57	37,57	64,18
01776	35,57	37,57	64,18
01778	35,57	37,57	64,18
01796	35,57	37,57	64,18
01809	35,57	37,57	64,18
01814	35,57	37,57	64,18
01816	35,57	37,57	64,18
01819	35,57	37,57	64,18
01824	35,57	37,57	64,18
01825	35,57	37,57	64,18
01829	35,57	37,57	64,18
01833	35,57	37,57	64,18
01844	35,57	37,57	64,18
01847	35,57	37,57	64,18
01848	35,57	37,57	64,18
01855	35,57	37,57	64,18
01877	35,57	37,57	64,18
01896	35,57	37,57	64,18
01900	35,57	37,57	64,18
01904	35,57	37,57	64,18
01906	35,57	37,57	64,18
01909	35,57	37,57	64,18
01917	35,57	37,57	64,18
01920	35,57	37,57	64,18
01936	35,57	37,57	64,18
01945	35,57	37,57	64,18
01968	35,57	37,57	64,18
01979	35,57	37,57	64,18
01983	35,57	37,57	64,18
01987	35,57	37,57	64,18
01990	35,57	37,57	64,18
01993	35,57	37,57	64,18
01994	35,57	37,57	64,18
01996	35,57	37,57	64,18
01998	35,57	37,57	64,18
02625	35,57	37,57	64,18
02627	35,57	37,57	64,18
02633	35,57	37,57	64,18
02681	35,57	37,57	64,18
02689	35,57	37,57	64,18
02692	35,57	37,57	64,18
02694	35,57	37,57	64,18
02699	35,57	37,57	64,18
02708	35,57	37,57	64,18
02727	35,57	37,57	64,18
02730	35,57	37,57	64,18
02733	35,57	37,57	64,18
02736	35,57	37,57	64,18
02739	35,57	37,57	64,18
02742	35,57	37,57	64,18
02747	35,57	37,57	64,18
02748	35,57	37,57	64,18
02763	35,57	37,57	64,18
02779	35,57	37,57	64,18
02782	35,57	37,57	64,18
02785	35,57	37,57	64,18
02788	35,57	37,57	64,18
02791	35,57	37,57	64,18
02794	35,57	37,57	64,18
02796	35,57	37,57	64,18
02797	35,57	37,57	64,18
02799	35,57	37,57	64,18
02826	43,58	45,58	72,19
02827	35,57	37,57	64,18
02828	35,57	37,57	64,18
02829	35,57	37,57	64,18
02894	35,57	37,57	64,18
02899	35,57	37,57	64,18
02906	35,57	37,57	64,18
02923	35,57	37,57	64,18
02929	35,57	37,57	64,18
02943	35,57	37,57	64,18
02953	35,57	37,57	64,18
02956	35,57	37,57	64,18
02957	35,57	37,57	64,18
02959	35,57	37,57	64,18
02977	35,57	37,57	64,18
02979	35,57	37,57	64,18
02991	35,57	37,57	64,18
02994	35,57	37,57	64,18
02997	35,57	37,57	64,18
55283	36,90	38,90	65,51
38527	39,35	41,35	67,96
83379	43,58	45,58	72,19
31848	37,58	39,58	66,19
30457	38,28	40,28	66,89
27249	37,58	39,58	66,19
22607	36,90	38,90	65,51
94127	47,41	49,41	76,02
54655	35,57	37,57	64,18
44787	36,56	38,56	65,16
06862	35,57	37,57	64,18
10245	35,57	37,57	64,18
95100	36,90	38,90	65,51
57518	36,56	38,56	65,16
29473	35,57	37,57	64,18
86863	42,00	43,99	70,60
50226	38,28	40,28	66,89
79227	43,58	45,58	72,19
45359	39,35	41,35	67,96
32257	39,35	41,35	67,96
84367	40,46	42,46	69,07
97291	39,35	41,35	67,96
23881	35,89	37,89	64,50
73765	36,90	38,90	65,51
65835	36,56	38,56	65,16
93458	47,41	49,41	76,02
32602	40,46	42,46	69,07
97277	37,58	39,58	66,19
74743	36,90	38,90	65,51
25779	35,89	37,89	64,50
17322	35,57	37,57	64,18
91275	40,46	42,46	69,07
91327	43,58	45,58	72,19
08606	35,57	37,57	64,18
24610	35,89	37,89	64,50
67686	35,89	37,89	64,50
91217	43,58	45,58	72,19
74535			66,19
51580	36,90	38,90	65,51
17034	35,57	37,57	64,18
34508	35,57	37,57	64,18
88250	43,58	45,58	72,19
09419	35,57	37,57	64,18
47652	39,35	41,35	67,96
15326	35,57	37,57	64,18
97243	37,58	39,58	66,19
94347	49,68	51,68	78,29
04571	35,57	37,57	64,18
83083	45,24	47,24	73,85
96146	40,46	42,46	69,07
25704	36,56	38,56	65,16
21529	35,57	37,57	64,18
95497	42,00	43,99	70,60
67737	36,56	38,56	65,16
65520	36,90	38,90	65,51
66130	35,57	37,57	64,18
29345	35,57	37,57	64,18
25719	36,90	38,90	65,51
67659	36,56	38,56	65,16
71640	36,56	38,56	65,16
52080	37,58	39,58	66,19
06642	35,57	37,57	64,18
70806	36,90	38,90	65,51
87770	47,41	49,41	76,02
86687	37,58	39,58	66,19
07586	35,57	37,57	64,18
15738	35,57	37,57	64,18
67817	36,90	38,90	65,51
32760	39,35	41,35	67,96
56653	37,58	39,58	66,19
21129	35,89	37,89	64,50
72181	37,58	39,58	66,19
72145	37,58	39,58	66,19
95339	39,35	41,35	67,96
86980	47,41	49,41	76,02
73329	37,58	39,58	66,19
33607	36,90	38,90	65,51
29451	35,57	37,57	64,18
82441	40,46	42,46	69,07
87439	49,68	51,68	78,29
56206	39,35	41,35	67,96
35583	36,90	38,90	65,51
44149	36,90	38,90	65,51
66709	35,57	37,57	64,18
55425	38,28	40,28	66,89
89174	38,28	40,28	66,89
49624	47,41	49,41	76,02
56645	40,46	42,46	69,07
54441	35,57	37,57	64,18
20459	35,89	37,89	64,50
83404	43,58	45,58	72,19
75172	36,90	38,90	65,51
09427	35,57	37,57	64,18
50829	39,35	41,35	67,96
02999	35,57	37,57	64,18
06242	35,57	37,57	64,18
38272	36,90	38,90	65,51
85298	42,00	43,99	70,60
87782	42,00	43,99	70,60
63322	36,56	38,56	65,16
21376	36,56	38,56	65,16
97717	39,35	41,35	67,96
65549	37,58	39,58	66,19
72636	37,58	39,58	66,19
86438	40,46	42,46	69,07
85131	42,00	43,99	70,60
71726	35,89	37,89	64,50
04564	35,57	37,57	64,18
48346	47,41	49,41	76,02
36320	36,56	38,56	65,16
84389	40,46	42,46	69,07
90552	45,24	47,24	73,85
84169	47,41	49,41	76,02
88279	49,68	51,68	78,29
99765	35,57	37,57	64,18
17348	35,57	37,57	64,18
79183	45,24	47,24	73,85
36325	35,89	37,89	64,50
56587	37,58	39,58	66,19
06711	35,57	37,57	64,18
87647	47,41	49,41	76,02
94556	49,68	51,68	78,29
74864	36,56	38,56	65,16
20255	36,56	38,56	65,16
56112	36,56	38,56	65,16
28870	39,35	41,35	67,96
37688	35,89	37,89	64,50
06636	35,57	37,57	64,18
85447	42,00	43,99	70,60
82024	43,58	45,58	72,19
23992	35,57	37,57	64,18
34317	36,90	38,90	65,51
66904	35,89	37,89	64,50
21217	35,57	37,57	64,18
25436	35,57	37,57	64,18
06463	35,57	37,57	64,18
09669	35,57	37,57	64,18
87785	45,24	47,24	73,85
31188	36,90	38,90	65,51
04349	35,57	37,57	64,18
91091	40,46	42,46	69,07
67280	36,56	38,56	65,16
91289	40,46	42,46	69,07
84152	45,24	47,24	73,85
31555	36,56	38,56	65,16
21522	35,89	37,89	64,50
80469	40,46	42,46	69,07
09526	35,57	37,57	64,18
12047	35,89	37,89	64,50
69207	39,35	41,35	67,96
89434	40,46	42,46	69,07
06343	35,57	37,57	64,18
66780	35,57	37,57	64,18
19288	35,57	37,57	64,18
75337	37,58	39,58	66,19
91346	42,00	43,99	70,60
91804	38,28	40,28	66,89
38476	36,90	38,90	65,51
73037	36,56	38,56	65,16
85238	40,46	42,46	69,07
18581	35,57	37,57	64,18
78479	37,58	39,58	66,19
93486	47,41	49,41	76,02
81927	38,28	40,28	66,89
88147	49,68	51,68	78,29
93474	45,24	47,24	73,85
78176	36,90	38,90	65,51
74933	39,35	41,35	67,96
27755	37,58	39,58	66,19
92361	47,41	49,41	76,02
88374	40,46	42,46	69,07
06333	35,57	37,57	64,18
85560	40,46	42,46	69,07
35279	35,89	37,89	64,50
25863	35,89	37,89	64,50
97447	42,00	43,99	70,60
38644	36,90	38,90	65,51
69168	38,28	40,28	66,89
85080	42,00	43,99	70,60
80807	40,46	42,46	69,07
99897	35,57	37,57	64,18
76764	40,46	42,46	69,07
74343	37,58	39,58	66,19
68542	39,35	41,35	67,96
63741	36,90	38,90	65,51
81475	40,46	42,46	69,07
71554	36,56	38,56	65,16
22143	35,89	37,89	64,50
02829	35,57	37,57	64,18
83256	40,46	42,46	69,07
85055	40,46	42,46	69,07
29229	35,89	37,89	64,50
98630	35,89	37,89	64,50
47918	42,00	43,99	70,60
52134	37,58	39,58	66,19
90584	47,41	49,41	76,02
24360	40,46	42,46	69,07
06128	35,57	37,57	64,18
89287	40,46	42,46	69,07
07426	35,57	37,57	64,18
04178	35,89	37,89	64,50
55578	38,28	40,28	66,89
79427	42,00	43,99	70,60
47169	37,58	39,58	66,19
59269	40,46	42,46	69,07
36381	36,90	38,90	65,51
31134	36,56	38,56	65,16
74542	36,90	38,90	65,51
74369	36,90	38,90	65,51
16909	35,57	37,57	64,18
74252	36,56	38,56	65,16
92703	39,35	41,35	67,96
84543	42,00	43,99	70,60
18184	35,89	37,89	64,50
06868	35,57	37,57	64,18
74746	37,58	39,58	66,19
85656	42,00	43,99	70,60
27257	39,35	41,35	67,96
24980	38,28	40,28	66,89
72229	37,58	39,58	66,19
29588	35,89	37,89	64,50
17419	35,57	37,57	64,18
58769	39,35	41,35	67,96
26180	40,46	42,46	69,07
26131	37,58	39,58	66,19
07389	35,57	37,57	64,18
98711	35,57	37,57	64,18
37620	37,58	39,58	66,19
27751	38,28	40,28	66,89
83257	40,46	42,46	69,07
64720	37,58	39,58	66,19
94575	47,41	49,41	76,02
96237	39,35	41,35	67,96
72141	37,58	39,58	66,19
25718	36,90	38,90	65,51
23719	36,56	38,56	65,16
13127	35,57	37,57	64,18
56869	35,57	37,57	64,18
94356	47,41	49,41	76,02
92237	40,46	42,46	69,07
34346	36,90	38,90	65,51
78589	37,58	39,58	66,19
38364	35,57	37,57	64,18
91744	39,35	41,35	67,96
99441	35,57	37,57	64,18
95503	43,58	45,58	72,19
52351	40,46	42,46	69,07
45470	40,46	42,46	69,07
29590	35,89	37,89	64,50
09434	35,57	37,57	64,18
72660	36,90	38,90	65,51
74177	37,58	39,58	66,19
85244	40,46	42,46	69,07
88693	42,00	43,99	70,60
37242	35,89	37,89	64,50
79244	43,58	45,58	72,19
26632	43,58	45,58	72,19
37434	36,90	38,90	65,51
25873	38,28	40,28	66,89
21646	36,90	38,90	65,51
97509	39,35	41,35	67,96
01734	35,57	37,57	64,18
79843	38,28	40,28	66,89
97346	40,46	42,46	69,07
78250	36,56	38,56	65,16
27578	42,00	43,99	70,60
89568	38,28	40,28	66,89
86916	42,00	43,99	70,60
26486	35,57	37,57	64,18
83123	43,58	45,58	72,19
44359	38,28	40,28	66,89
48153	40,46	42,46	69,07
47877	43,58	45,58	72,19
91247	40,46	42,46	69,07
56767	35,89	37,89	64,50
98663	37,58	39,58	66,19
32469	37,58	39,58	66,19
99885	35,57	37,57	64,18
53343	36,90	38,90	65,51
71067	39,35	41,35	67,96
15868	35,57	37,57	64,18
24601	36,56	38,56	65,16
10625	35,57	37,57	64,18
21228	36,56	38,56	65,16
61137	36,56	38,56	65,16
45888	35,89	37,89	64,50
25782	35,89	37,89	64,50
86732	39,35	41,35	67,96
45139	38,28	40,28	66,89
95683	36,90	38,90	65,51
90482	42,00	43,99	70,60
91564	40,46	42,46	69,07
06122	35,57	37,57	64,18
65439	36,56	38,56	65,16
63856	39,35	41,35	67,96
14641	35,57	37,57	64,18
30982	39,35	41,35	67,96
22527	35,57	37,57	64,18
82377	40,46	42,46	69,07
23999	35,57	37,57	64,18
89520	36,56	38,56	65,16
79400	40,46	42,46	69,07
38176	40,46	42,46	69,07
97488	40,46	42,46	69,07
34286	36,56	38,56	65,16
23896	35,89	37,89	64,50
32694	38,28	40,28	66,89
58553	37,58	39,58	66,19
36119	36,56	38,56	65,16
53809	38,28	40,28	66,89
63667	35,89	37,89	64,50
37296	35,89	37,89	64,50
81243	47,41	49,41	76,02
67059	40,46	42,46	69,07
90453	42,00	43,99	70,60
49584	42,00	43,99	70,60
96272	40,46	42,46	69,07
54313	35,89	37,89	64,50
86558	45,24	47,24	73,85
04249	35,57	37,57	64,18
48653	42,00	43,99	70,60
82432	40,46	42,46	69,07
85598	42,00	43,99	70,60
99996	35,57	37,57	64,18
91489	43,58	45,58	72,19
83043	43,58	45,58	72,19
24790	36,56	38,56	65,16
72589	39,35	41,35	67,96
68165	38,28	40,28	66,89
28816	39,35	41,35	67,96
95473	42,00	43,99	70,60
15295	35,57	37,57	64,18
40470	39,35	41,35	67,96
93495	47,41	49,41	76,02
82041	43,58	45,58	72,19
88605	39,35	41,35	67,96
78234	37,58	39,58	66,19
90765	47,41	49,41	76,02
57580	37,58	39,58	66,19
56823	36,56	38,56	65,16
73104	36,90	38,90	65,51
34132	36,56	38,56	65,16
45770	36,90	38,90	65,51
91628	37,58	39,58	66,19
89356	39,35	41,35	67,96
17429	35,57	37,57	64,18
71157	38,28	40,28	66,89
07407	35,57	37,57	64,18
22147	35,57	37,57	64,18
95697	38,28	40,28	66,89
97282	37,58	39,58	66,19
97337	37,58	39,58	66,19
89518	36,56	38,56	65,16
13439	35,89	37,89	64,50
91315	40,46	42,46	69,07
97842	40,46	42,46	69,07
12679	35,57	37,57	64,18
22523	35,57	37,57	64,18
94544	47,41	49,41	76,02
91725	37,58	39,58	66,19
14163	35,57	37,57	64,18
82439	42,00	43,99	70,60
33181	37,58	39,58	66,19
71638	36,56	38,56	65,16
06847	35,57	37,57	64,18
75217	37,58	39,58	66,19
92272	42,00	43,99	70,60
54487	35,57	37,57	64,18
26802	42,00	43,99	70,60
81925	38,28	40,28	66,89
95180	35,89	37,89	64,50
99826	35,89	37,89	64,50
17335	35,57	37,57	64,18
24643	35,57	37,57	64,18
97901	37,58	39,58	66,19
04643	35,57	37,57	64,18
76726	36,90	38,90	65,51
55128	35,57	37,57	64,18
86879	45,24	47,24	73,85
25821	35,89	37,89	64,50
85467			
35041	35,57	37,57	64,18
53227	39,35	41,35	67,96
94081	47,41	49,41	76,02
37697	35,89	37,89	64,50
45309	37,58	39,58	66,19
04703	35,57	37,57	64,18
87499	49,68	51,68	78,29
09600	35,57	37,57	64,18
79730	39,35	41,35	67,96
22337	35,57	37,57	64,18
97653	38,28	40,28	66,89
89613	40,46	42,46	69,07
74395	36,56	38,56	65,16
31556	36,56	38,56	65,16
67305	37,58	39,58	66,19
12279	35,57	37,57	64,18
25876	35,89	37,89	64,50
73262	37,58	39,58	66,19
25579	35,89	37,89	64,50
38173	36,90	38,90	65,51
50679	36,56	38,56	65,16
29690	40,46	42,46	69,07
93182	40,46	42,46	69,07
97852	37,58	39,58	66,19
25727	36,56	38,56	65,16
24994	36,90	38,90	65,51
03246	35,57	37,57	64,18
18299	35,57	37,57	64,18
64711	36,90	38,90	65,51
67483	39,35	41,35	67,96
84107	47,41	49,41	76,02
80797	42,00	43,99	70,60
38477	36,90	38,90	65,51
95506	45,24	47,24	73,85
80993	39,35	41,35	67,96
94353	47,41	49,41	76,02
13593	35,57	37,57	64,18
22087	35,57	37,57	64,18
55621	35,89	37,89	64,50
91356	45,24	47,24	73,85
54329	35,57	37,57	64,18
09326	35,57	37,57	64,18
66440	35,57	37,57	64,18
86199	39,35	41,35	67,96
89160	38,28	40,28	66,89
10367	35,57	37,57	64,18
18337	35,57	37,57	64,18
79331	43,58	45,58	72,19
10365	35,57	37,57	64,18
24876	36,90	38,90	65,51
67365	43,58	45,58	72,19
29646	35,89	37,89	64,50
79415	37,58	39,58	66,19
54311	36,56	38,56	65,16
66564	35,57	37,57	64,18
89547	38,28	40,28	66,89
45145	38,28	40,28	66,89
36039	36,56	38,56	65,16
92724	40,46	42,46	69,07
13125	35,57	37,57	64,18
24259	35,89	37,89	64,50
09430	35,57	37,57	64,18
83308	40,46	42,46	69,07
82110	40,46	42,46	69,07
56599	36,56	38,56	65,16
84166	45,24	47,24	73,85
55252	35,89	37,89	64,50
01217	35,57	37,57	64,18
47509	42,00	43,99	70,60
09116	35,57	37,57	64,18
18146	35,57	37,57	64,18
63639	39,35	41,35	67,96
57392	36,56	38,56	65,16
25855	35,89	37,89	64,50
14053	35,57	37,57	64,18
88212	45,24	47,24	73,85
21770	38,28	40,28	66,89
49448	40,46	42,46	69,07
53177	36,56	38,56	65,16
63607	36,56	38,56	65,16
51515	38,28	40,28	66,89
13509	35,57	37,57	64,18
57223	35,89	37,89	64,50
29478	35,57	37,57	64,18
55494	36,90	38,90	65,51
24594	36,56	38,56	65,16
33428	43,58	45,58	72,19
33175	36,90	38,90	65,51
01945	35,57	37,57	64,18
19406	35,57	37,57	64,18
38468	36,90	38,90	65,51
82347	40,46	42,46	69,07
02736	35,57	37,57	64,18
89182	39,35	41,35	67,96
45711	43,58	45,58	72,19
02733	35,57	37,57	64,18
87745	39,35	41,35	67,96
92284	40,46	42,46	69,07
22339	35,57	37,57	64,18
56414	39,35	41,35	67,96
89291	40,46	42,46	69,07
54338	35,89	37,89	64,50
81375	42,00	43,99	70,60
91353	42,00	43,99	70,60
65329	37,58	39,58	66,19
36167	37,58	39,58	66,19
30453	36,90	38,90	65,51
60385	35,89	37,89	64,50
73550	38,28	40,28	66,89
56179	35,89	37,89	64,50
36160	36,90	38,90	65,51
52224	39,35	41,35	67,96
06721	35,57	37,57	64,18
94051	49,68	51,68	78,29
22851	35,57	37,57	64,18
93101	45,24	47,24	73,85
80802	38,28	40,28	66,89
35236	37,58	39,58	66,19
97645	37,58	39,58	66,19
10713	35,57	37,57	64,18
66453	35,57	37,57	64,18
54483	35,57	37,57	64,18
69190	40,46	42,46	69,07
78266	39,35	41,35	67,96
65366	37,58	39,58	66,19
08529	35,57	37,57	64,18
85095	40,46	42,46	69,07
58300	38,28	40,28	66,89
55444	36,56	38,56	65,16
72469	36,90	38,90	65,51
72362	37,58	39,58	66,19
88477	42,00	44,00	70,60
92702	40,46	42,46	69,07
30625	35,57	37,57	64,18
07607	35,57	37,57	64,18
68799	40,46	42,46	69,07
50933	38,28	40,28	66,89
94547	47,41	49,41	76,02
90411	45,25	47,25	73,85
09322	35,57	37,57	64,18
56218	36,90	38,90	65,51
99976	35,57	37,57	64,18
84333	43,58	45,58	72,19
79292	45,24	47,24	73,85
66907	36,90	38,90	65,51
67310	37,58	39,58	66,19
95659	36,90	38,90	65,51
48366	49,68	51,68	78,29
66953	35,57	37,57	64,18
86559	40,46	42,46	69,07
12439	35,57	37,57	64,18
84437	42,00	43,99	70,60
10787	35,57	37,57	64,18
71034	38,28	40,28	66,89
23717	37,58	39,58	66,19
58455	37,58	39,58	66,19
26579	35,57	37,57	64,18
76135	43,58	45,58	72,19
89619	42,00	44,00	70,60
12247	35,57	37,57	64,18
26129	37,58	39,58	66,19
41462	42,00	43,99	70,60
47279	36,56	38,56	65,16
07952	35,57	37,57	64,18
27283	37,58	39,58	66,19
45896	35,89	37,89	64,50
53115	35,89	37,89	64,50
94357	47,41	49,41	76,02
92436	42,00	43,99	70,60
71134	36,90	38,90	65,51
85664	42,00	43,99	70,60
44287	38,28	40,28	66,89
98708	35,57	37,57	64,18
65817	35,89	37,89	64,50
79585	40,46	42,46	69,07
14476	35,57	37,57	64,18
86681	42,00	43,99	70,60
95508	40,46	42,46	69,07
91795	42,00	43,99	70,60
24409	36,56	38,56	65,16
38556	37,58	39,58	66,19
89362	40,46	42,46	69,07
67480	37,58	39,58	66,19
51109	38,28	40,28	66,89
91466	42,00	44,00	70,60
84091	43,58	45,58	72,19
94527	47,41	49,41	76,02
20251	35,89	37,89	64,50
22959	35,57	37,57	64,18
49661	43,58	45,58	72,19
07639	35,57	37,57	64,18
86637	42,00	44,00	70,60
53489	36,90	38,90	65,51
64569	35,57	37,57	64,18
53117	36,56	38,56	65,16
76707	39,35	41,35	67,96
58239	39,35	41,35	67,96
01824	35,57	37,57	64,18
38528	40,46	42,46	69,07
17491	35,57	37,57	64,18
96487	39,35	41,35	67,96
40225	38,28	40,28	66,89
66987	35,57	37,57	64,18
53560	39,35	41,35	67,96
06905	35,57	37,57	64,18
67454	40,46	42,46	69,07
44628	36,90	38,90	65,51
82346	40,46	42,46	69,07
60313	35,57	37,57	64,18
92548	43,58	45,58	72,19
16567	35,57	37,57	64,18
50769	39,35	41,35	67,96
06780	35,57	37,57	64,18
85123	43,58	45,58	72,19
41472	40,46	42,46	69,07
74219	35,89	37,89	64,50
44388	37,58	39,58	66,19
54649	35,57	37,57	64,18
58095	38,28	40,28	66,89
59510	39,35	41,35	67,96
75180	36,90	38,90	65,51
59590	36,90	38,90	65,51
64850	36,90	38,90	65,51
79299	45,24	47,24	73,85
89420	39,35	41,35	67,96
82392	47,41	49,41	76,02
98693	35,57	37,57	64,18
36100	36,56	38,56	65,16
54314	35,57	37,57	64,18
83671	40,46	42,46	69,07
72351	37,58	39,58	66,19
85053	40,46	42,46	69,07
48488	47,41	49,41	76,02
24814	37,58	39,58	66,19
34385	35,89	37,89	64,50
94563	49,68	51,68	78,29
92442	43,58	45,58	72,19
79353	42,00	43,99	70,60
86868	45,24	47,24	73,85
42279	39,35	41,35	67,96
74354	36,90	38,90	65,51
96196	40,46	42,46	69,07
88436	45,24	47,24	73,85
93326	43,58	45,58	72,19
23556	35,57	37,57	64,18
25869	35,57	37,57	64,18
84088	43,58	45,58	72,19
95463	42,00	43,99	70,60
24220	36,56	38,56	65,16
91634	37,58	39,58	66,19
86706	40,46	42,46	69,07
48159	43,58	45,58	72,19
19243	35,57	37,57	64,18
25566	35,57	37,57	64,18
44339	40,46	42,46	69,07
40721	40,46	42,46	69,07
65326	36,90	38,90	65,51
85459	42,00	43,99	70,60
59065	40,46	42,46	69,07
54578	36,90	38,90	65,51
06112	35,57	37,57	64,18
65343	38,28	40,28	66,89
53498	36,90	38,90	65,51
87544	49,68	51,68	78,29
74214	36,56	38,56	65,16
24857	36,56	38,56	65,16
64646	39,35	41,35	67,96
14798	35,57	37,57	64,18
45147	37,58	39,58	66,19
65307	39,35	41,35	67,96
78048	36,90	38,90	65,51
85586	40,46	42,46	69,07
30539	39,35	41,35	67,96
82140	42,00	43,99	70,60
92421	40,46	42,46	69,07
26452	39,35	41,35	67,96
72336	38,28	40,28	66,89
22547	35,89	37,89	64,50
64319	37,58	39,58	66,19
53909	42,00	43,99	70,60
30165	38,28	40,28	66,89
42855	38,28	40,28	66,89
94227	47,41	49,41	76,02
97525	40,46	42,46	69,07
08209	35,57	37,57	64,18
94535	49,68	51,68	78,29
93155	40,46	42,46	69,07
49084	40,46	42,46	69,07
93098	45,24	47,24	73,85
59063	42,00	43,99	70,60
93488	45,24	47,24	73,85
25786	35,57	37,57	64,18
74394	37,58	39,58	66,19
54472	35,89	37,89	64,50
54292	35,57	37,57	64,18
65203	35,89	37,89	64,50
90455	47,41	49,41	76,02
67065	40,46	42,46	69,07
83567	45,24	47,24	73,85
10553	35,57	37,57	64,18
59229	40,46	42,46	69,07
40545	39,35	41,35	67,96
47059	37,58	39,58	66,19
02943	35,57	37,57	64,18
77761	38,28	40,28	66,89
67691	37,58	39,58	66,19
91085	43,58	45,58	72,19
29468	35,57	37,57	64,18
85405	45,24	47,24	73,85
48485	47,41	49,41	76,02
57489	37,58	39,58	66,19
94315	47,41	49,41	76,02
69257	40,46	42,46	69,07
67273	39,35	41,35	67,96
89551	36,90	38,90	65,51
18320	35,57	37,57	64,18
96264	40,46	42,46	69,07
21445	35,89	37,89	64,50
93183	40,46	42,46	69,07
53545	36,90	38,90	65,51
95694	39,35	41,35	67,96
83313	45,24	47,24	73,85
79410	38,28	40,28	66,89
84164	47,41	49,41	76,02
94428	45,24	47,24	73,85
36414	35,57	37,57	64,18
19217	35,57	37,57	64,18
57074	35,57	37,57	64,18
35719	36,56	38,56	65,16
07334	35,57	37,57	64,18
07950	35,57	37,57	64,18
40625	42,00	43,99	70,60
63584	37,58	39,58	66,19
37136	37,58	39,58	66,19
57562	35,89	37,89	64,50
86919	43,58	45,58	72,19
21073	35,57	37,57	64,18
76703	36,90	38,90	65,51
36217	36,56	38,56	65,16
27574	36,90	38,90	65,51
67550	38,28	40,28	66,89
72275	39,35	41,35	67,96
56462	36,56	38,56	65,16
79114	40,46	42,46	69,07
67304	36,56	38,56	65,16
84555	42,00	43,99	70,60
59757	39,35	41,35	67,96
84427	45,24	47,24	73,85
09217	35,57	37,57	64,18
56204	38,28	40,28	66,89
67227	40,46	42,46	69,07
92546	42,00	43,99	70,60
17179	35,57	37,57	64,18
64521	35,89	37,89	64,50
86676	43,58	45,58	72,19
34633	35,57	37,57	64,18
95234	39,35	41,35	67,96
86497	40,46	42,46	69,07
82433	39,35	41,35	67,96
85570	40,46	42,46	69,07
34466	36,56	38,56	65,16
49610	40,46	42,46	69,07
06729	35,57	37,57	64,18
54657	35,89	37,89	64,50
31618	36,56	38,56	65,16
22549	35,57	37,57	64,18
98639	35,89	37,89	64,50
26936	40,46	42,46	69,07
77883	39,35	41,35	67,96
66894	35,57	37,57	64,18
28219	37,58	39,58	66,19
50171	38,28	40,28	66,89
85469	45,24	47,24	73,85
73447	36,56	38,56	65,16
72525	37,58	39,58	66,19
83112	45,24	47,24	73,85
66663	35,57	37,57	64,18
29462	35,89	37,89	64,50
99762	35,57	37,57	64,18
34560	36,56	38,56	65,16
86666	42,00	43,99	70,60
51103	36,56	38,56	65,16
40237	39,35	41,35	67,96
90480	45,24	47,24	73,85
30952	37,58	39,58	66,19
82431	40,46	42,46	69,07
73494	38,28	40,28	66,89
61130	36,90	38,90	65,51
16552	35,57	37,57	64,18
86507	42,00	43,99	70,60
25709	39,35	41,35	67,96
76596	37,58	39,58	66,19
42477	36,90	38,90	65,51
07613	35,57	37,57	64,18
96138	40,46	42,46	69,07
18196	35,57	37,57	64,18
34513	35,89	37,89	64,50
04420	35,57	37,57	64,18
93351	40,46	42,46	69,07
72379	36,56	38,56	65,16
23562	35,57	37,57	64,18
96524	36,56	38,56	65,16
15837	35,57	37,57	64,18
20354	35,57	37,57	64,18
78239	38,28	40,28	66,89
69434	37,58	39,58	66,19
34477	36,56	38,56	65,16
40477	37,58	39,58	66,19
67757	35,57	37,57	64,18
79809	40,46	42,46	69,07
26847	43,58	45,58	72,19
91284	42,00	43,99	70,60
55116	35,57	37,57	64,18
21149	35,57	37,57	64,18
67582	40,46	42,46	69,07
47799	37,58	39,58	66,19
12557	35,57	37,57	64,18
86899	40,46	42,46	69,07
64673	39,35	41,35	67,96
38279	36,56	38,56	65,16
24161	36,90	38,90	65,51
56814	35,89	37,89	64,50
74579	36,56	38,56	65,16
33449	40,46	42,46	69,07
83024	42,00	43,99	70,60
60599	36,56	38,56	65,16
24589	36,56	38,56	65,16
86869	42,00	43,99	70,60
67661	35,57	37,57	64,18
97904	37,58	39,58	66,19
88690	40,46	42,46	69,07
59929	36,90	38,90	65,51
25849	35,57	37,57	64,18
71409	36,56	38,56	65,16
86391	39,35	41,35	67,96
37539	35,57	37,57	64,18
93099	43,58	45,58	72,19
73460	38,28	40,28	66,89
22885	35,57	37,57	64,18
17337	35,57	37,57	64,18
78086	37,58	39,58	66,19
75249	38,28	40,28	66,89
74360	36,90	38,90	65,51
91785	42,00	43,99	70,60
97070	35,57	37,57	64,18
71144	37,58	39,58	66,19
45525	36,90	38,90	65,51
77716	42,00	43,99	70,60
38300	35,89	37,89	64,50
18435	35,57	37,57	64,18
64823	36,90	38,90	65,51
66271	35,57	37,57	64,18
21720	35,57	37,57	64,18
98704	35,89	37,89	64,50
27616	37,58	39,58	66,19
93348	42,00	43,99	70,60
40215	39,35	41,35	67,96
73492	38,28	40,28	66,89
71672	36,56	38,56	65,16
45549	38,28	40,28	66,89
33098	36,56	38,56	65,16
86981	45,24	47,24	73,85
01468	35,57	37,57	64,18
36289	36,90	38,90	65,51
78655	37,58	39,58	66,19
91233	43,58	45,58	72,19
75389	38,28	40,28	66,89
46236	39,35	41,35	67,96
30167	36,90	38,90	65,51
79871	39,35	41,35	67,96
16792	35,57	37,57	64,18
91720	37,58	39,58	66,19
79664	39,35	41,35	67,96
19294	35,57	37,57	64,18
91286	42,00	43,99	70,60
48683	47,41	49,41	76,02
66862	36,90	38,90	65,51
27211	39,35	41,35	67,96
97236	36,90	38,90	65,51
73431	36,56	38,56	65,16
79597	43,58	45,58	72,19
26670	40,46	42,46	69,07
63179	36,56	38,56	65,16
08543	35,57	37,57	64,18
21255	35,89	37,89	64,50
16244	35,57	37,57	64,18
27729	39,35	41,35	67,96
99998	35,89	37,89	64,50
54343	35,89	37,89	64,50
17506	35,57	37,57	64,18
29336	37,58	39,58	66,19
96317	37,58	39,58	66,19
38543	40,46	42,46	69,07
68309	38,28	40,28	66,89
47055	37,58	39,58	66,19
66424	35,57	37,57	64,18
69412	36,90	38,90	65,51
31700	37,58	39,58	66,19
66133	35,57	37,57	64,18
63743	38,28	40,28	66,89
72820	37,58	39,58	66,19
82445	40,46	42,46	69,07
24891	37,58	39,58	66,19
86641	43,58	45,58	72,19
89367	40,46	42,46	69,07
53501	36,90	38,90	65,51
24534	35,57	37,57	64,18
06792	35,57	37,57	64,18
28199	35,89	37,89	64,50
21643	36,56	38,56	65,16
59423	43,58	45,58	72,19
83684	38,28	40,28	66,89
24321	37,58	39,58	66,19
17252	35,57	37,57	64,18
84140	43,58	45,58	72,19
37170	36,56	38,56	65,16
38678	35,57	37,57	64,18
73102	36,90	38,90	65,51
91281	42,00	43,99	70,60
39443	35,57	37,57	64,18
48612	47,41	49,41	76,02
97199	37,58	39,58	66,19
27499	35,57	37,57	64,18
01662	35,57	37,57	64,18
01129	35,89	37,89	64,50
33609	37,58	39,58	66,19
29365	35,89	37,89	64,50
07973	35,57	37,57	64,18
49849	45,24	47,24	73,85
75173	36,90	38,90	65,51
33758	40,46	42,46	69,07
88316	45,24	47,24	73,85
48431	49,68	51,68	78,29
76857	36,56	38,56	65,16
21781	36,90	38,90	65,51
34537	35,57	37,57	64,18
82279	40,46	42,46	69,07
85614	43,58	45,58	72,19
08262	35,57	37,57	64,18
51503	38,28	40,28	66,89
74076	36,56	38,56	65,16
56579	36,90	38,90	65,51
84072	43,58	45,58	72,19
49479	40,46	42,46	69,07
69509	39,35	41,35	67,96
22926	35,89	37,89	64,50
88499	38,28	40,28	66,89
65199	36,56	38,56	65,16
95362	37,58	39,58	66,19
88682	40,46	42,46	69,07
40595	36,56	38,56	65,16
24955	38,28	40,28	66,89
92286	40,46	42,46	69,07
87724	43,58	45,58	72,19
96169	39,35	41,35	67,96
97230	39,35	41,35	67,96
13353	35,57	37,57	64,18
74547	36,90	38,90	65,51
25885	36,56	38,56	65,16
70567	36,90	38,90	65,51
23909	35,89	37,89	64,50
54484	36,56	38,56	65,16
14822	35,57	37,57	64,18
48565	47,41	49,41	76,02
21447	36,56	38,56	65,16
55234	37,58	39,58	66,19
50765	42,00	43,99	70,60
48480	47,41	49,41	76,02
64839	36,56	38,56	65,16
01109	35,57	37,57	64,18
02633	35,57	37,57	64,18
84032	47,41	49,41	76,02
10789	35,57	37,57	64,18
41363	42,00	43,99	70,60
98714	35,57	37,57	64,18
35043	35,57	37,57	64,18
39365	35,57	37,57	64,18
10783	35,89	37,89	64,50
63450	36,56	38,56	65,16
09569	35,57	37,57	64,18
79805	40,46	42,46	69,07
98554	35,89	37,89	64,50
47138	39,35	41,35	67,96
92726	39,35	41,35	67,96
34302	36,90	38,90	65,51
83329	43,58	45,58	72,19
87459	47,41	49,41	76,02
35630	36,56	38,56	65,16
71101	36,90	38,90	65,51
40724	39,35	41,35	67,96
44269	39,35	41,35	67,96
25593	35,57	37,57	64,18
57539	36,90	38,90	65,51
91358	45,24	47,24	73,85
73630	35,89	37,89	64,50
47839	43,58	45,58	72,19
91589	40,46	42,46	69,07
31174	36,90	38,90	65,51
25582	36,90	38,90	65,51
56759	36,90	38,90	65,51
84160	45,24	47,24	73,85
15377	35,57	37,57	64,18
17489	35,57	37,57	64,18
52355	40,46	42,46	69,07
38524	38,28	40,28	66,89
94252	40,46	42,46	69,07
37276	36,56	38,56	65,16
32839	37,58	39,58	66,19
63874	37,58	39,58	66,19
44369	37,58	39,58	66,19
97285	38,28	40,28	66,89
74676	36,90	38,90	65,51
34359	35,89	37,89	64,50
16816	35,57	37,57	64,18
87656	42,00	43,99	70,60
55490	35,89	37,89	64,50
88281	45,24	47,24	73,85
51570	36,90	38,90	65,51
60487	35,89	37,89	64,50
04316	35,57	37,57	64,18
15864	35,57	37,57	64,18
46286	39,35	41,35	67,96
56379	36,90	38,90	65,51
86720	39,35	41,35	67,96
92242	40,46	42,46	69,07
09629	35,57	37,57	64,18
63505	35,89	37,89	64,50
57439	39,35	41,35	67,96
91278	42,00	43,99	70,60
19246	35,57	37,57	64,18
37318	35,89	37,89	64,50
42549	39,35	41,35	67,96
50374	37,58	39,58	66,19
30823	39,35	41,35	67,96
16547	35,57	37,57	64,18
55432	36,90	38,90	65,51
91183	45,24	47,24	73,85
85764	39,35	41,35	67,96
96120	40,46	42,46	69,07
96215	39,35	41,35	67,96
45768	36,56	38,56	65,16
39596	35,57	37,57	64,18
49688	43,58	45,58	72,19
25499	35,57	37,57	64,18
53842	37,58	39,58	66,19
21391	36,56	38,56	65,16
53508	36,56	38,56	65,16
64285	36,56	38,56	65,16
03058	35,57	37,57	64,18
01877	35,57	37,57	64,18
49074	37,58	39,58	66,19
21644	36,90	38,90	65,51
94078	49,68	51,68	78,29
63828	36,56	38,56	65,16
70193	39,35	41,35	67,96
78253	39,35	41,35	67,96
24782	35,57	37,57	64,18
46049	40,46	42,46	69,07
42699	38,28	40,28	66,89
38319	36,90	38,90	65,51
02708	35,57	37,57	64,18
54538	35,89	37,89	64,50
24802	36,90	38,90	65,51
26689	42,00	43,99	70,60
34289	36,56	38,56	65,16
26487	38,28	40,28	66,89
48308	43,58	45,58	72,19
55767	35,89	37,89	64,50
93346	40,46	42,46	69,07
78345	36,56	38,56	65,16
78355	42,00	43,99	70,60
86947	43,58	45,58	72,19
45966	37,58	39,58	66,19
09123	35,57	37,57	64,18
64668	39,35	41,35	67,96
06667	35,57	37,57	64,18
72189	39,35	41,35	67,96
45472	40,46	42,46	69,07
80995	40,46	42,46	69,07
59069	39,35	41,35	67,96
36251	35,89	37,89	64,50
02791	35,57	37,57	64,18
57587	36,56	38,56	65,16
45257	38,28	40,28	66,89
25866	37,58	39,58	66,19
66131	35,57	37,57	64,18
19209	35,57	37,57	64,18
31275	37,58	39,58	66,19
77887	37,58	39,58	66,19
29490	35,57	37,57	64,18
86872	39,35	41,35	67,96
87497	47,41	49,41	76,02
25853	36,56	38,56	65,16
74736	36,56	38,56	65,16
96367	35,89	37,89	64,50
24244	37,58	39,58	66,19
32107	38,28	40,28	66,89
49757	45,24	47,24	73,85
56070	36,90	38,90	65,51
96271	39,35	41,35	67,96
77948	39,35	41,35	67,96
31061	35,89	37,89	64,50
67811	35,57	37,57	64,18
92705	39,35	41,35	67,96
31600	36,90	38,90	65,51
54534	35,57	37,57	64,18
09394	35,57	37,57	64,18
23738	39,35	41,35	67,96
80997	42,00	43,99	70,60
01458	35,57	37,57	64,18
41379	45,24	47,24	73,85
88454	40,46	42,46	69,07
91242	43,58	45,58	72,19
67281	38,28	40,28	66,89
40212	37,58	39,58	66,19
86946	43,58	45,58	72,19
22119	35,57	37,57	64,18
79100	45,24	47,24	73,85
87488	49,68	51,68	78,29
54306	35,89	37,89	64,50
63594	35,89	37,89	64,50
09125	35,57	37,57	64,18
75335	39,35	41,35	67,96
80686	40,46	42,46	69,07
88094	45,24	47,24	73,85
89437	38,28	40,28	66,89
33775	45,24	47,24	73,85
23566	35,57	37,57	64,18
42327	39,35	41,35	67,96
02959	35,57	37,57	64,18
24242	35,89	37,89	64,50
01909	35,57	37,57	64,18
18347	35,57	37,57	64,18
94160	49,68	51,68	78,29
34117	35,57	37,57	64,18
83253	43,58	45,58	72,19
92507	43,58	45,58	72,19
70190	36,90	38,90	65,51
53577	37,58	39,58	66,19
06647	35,57	37,57	64,18
48167	43,58	45,58	72,19
73565	36,56	38,56	65,16
32130	39,35	41,35	67,96
84347	40,46	42,46	69,07
97947	37,58	39,58	66,19
35066	35,89	37,89	64,50
97437	40,46	42,46	69,07
23779	39,35	41,35	67,96
87719	40,46	42,46	69,07
29476	35,57	37,57	64,18
80634	42,00	43,99	70,60
73495	38,28	40,28	66,89
10587	35,57	37,57	64,18
07552	35,57	37,57	64,18
29499	35,89	37,89	64,50
85290	45,24	47,24	73,85
08107	35,57	37,57	64,18
84552	45,24	47,24	73,85
79868	36,90	38,90	65,51
35578	35,89	37,89	64,50
85640	40,46	42,46	69,07
86923	43,58	45,58	72,19
63877	37,58	39,58	66,19
17493	35,57	37,57	64,18
83324	43,58	45,58	72,19
34125	35,57	37,57	64,18
90574	45,24	47,24	73,85
78144	38,28	40,28	66,89
89195	40,46	42,46	69,07
79108	40,46	42,46	69,07
53123	36,56	38,56	65,16
91097	45,24	47,24	73,85
53332	37,58	39,58	66,19
01936	35,57	37,57	64,18
45128	37,58	39,58	66,19
02828	35,57	37,57	64,18
96268	37,58	39,58	66,19
82488	36,56	38,56	65,16
85435	40,46	42,46	69,07
08267	35,57	37,57	64,18
91058	42,00	43,99	70,60
71634	36,56	38,56	65,16
93473	47,41	49,41	76,02
44807	36,56	38,56	65,16
22952	35,89	37,89	64,50
93482	47,41	49,41	76,02
06577	35,57	37,57	64,18
12309	35,57	37,57	64,18
94419	47,41	49,41	76,02
82296	42,00	43,99	70,60
63486	36,56	38,56	65,16
87666	47,41	49,41	76,02
82290	43,58	45,58	72,19
25576	36,90	38,90	65,51
66976	35,57	37,57	64,18
06217	35,57	37,57	64,18
89264	42,00	43,99	70,60
57578	37,58	39,58	66,19
19053	35,57	37,57	64,18
96193	42,00	43,99	70,60
76356	39,35	41,35	67,96
12109	35,57	37,57	64,18
56073	36,56	38,56	65,16
30459	35,89	37,89	64,50
26903	47,41	49,41	76,02
15732	35,57	37,57	64,18
53572	39,35	41,35	67,96
95499	42,00	43,99	70,60
25920	35,89	37,89	64,50
24238	38,28	40,28	66,89
63846	37,58	39,58	66,19
89447	37,58	39,58	66,19
06861	35,57	37,57	64,18
97520	40,46	42,46	69,07
16818	35,57	37,57	64,18
02692	35,57	37,57	64,18
13159	35,57	37,57	64,18
93492	45,25	47,25	73,85
88636	40,46	42,46	69,07
92280	39,35	41,35	67,96
94557	47,41	49,41	76,02
99195	35,57	37,57	64,18
78183	37,58	39,58	66,19
04626	35,57	37,57	64,18
21274	35,89	37,89	64,50
58091	36,90	38,90	65,51
93138	43,58	45,58	72,19
96129	45,25	47,25	73,85
53925	38,28	40,28	66,89
61191	38,28	40,28	66,89
21220	35,89	37,89	64,50
53949	37,58	39,58	66,19
64407	36,56	38,56	65,16
06773	35,57	37,57	64,18
67278	37,58	39,58	66,19
31717	38,28	40,28	66,89
66773	35,57	37,57	64,18
26215	40,46	42,46	69,07
84163	43,58	45,58	72,19
49565	47,41	49,41	76,02
97705	39,35	41,35	67,96
06467	35,57	37,57	64,18
83229	43,58	45,58	72,19
25355	35,57	37,57	64,18
18055	35,57	37,57	64,18
84439	42,00	43,99	70,60
09306	35,57	37,57	64,18
31693	38,28	40,28	66,89
56821	35,57	37,57	64,18
38110	40,46	42,46	69,07
06449	35,57	37,57	64,18
35321	35,89	37,89	64,50
92723	40,46	42,46	69,07
25365	35,89	37,89	64,50
64579	40,46	42,46	69,07
51379	37,58	39,58	66,19
87700	43,58	45,58	72,19
04924	35,57	37,57	64,18
38165	37,58	39,58	66,19
66978	35,57	37,57	64,18
01609	35,57	37,57	64,18
89352	40,46	42,46	69,07
33803	42,00	44,00	70,60
49635	42,00	44,00	70,60
37696	37,58	39,58	66,19
84103	43,58	45,58	72,19
09387	35,57	37,57	64,18
82285	40,46	42,46	69,07
24241	35,57	37,57	64,18
25887	36,90	38,90	65,51
83059	43,58	45,58	72,19
89407	38,28	40,28	66,89
87645	40,46	42,46	69,07
57482	36,90	38,90	65,51
23821	36,56	38,56	65,16
95666	37,58	39,58	66,19
53474	36,90	38,90	65,51
71560	35,89	37,89	64,50
31604	36,90	38,90	65,51
75248	39,35	41,35	67,96
45133	39,35	41,35	67,96
55481	35,89	37,89	64,50
58840	37,58	39,58	66,19
78607	39,35	41,35	67,96
63796	36,56	38,56	65,16
96523	35,57	37,57	64,18
96190	37,58	39,58	66,19
21649	36,56	38,56	65,16
01561	35,57	37,57	64,18
67475	36,90	38,90	65,51
90607	45,25	47,25	73,85
44329	37,58	39,58	66,19
72072	36,56	38,56	65,16
87561	45,25	47,25	73,85
89134	38,28	40,28	66,89
24977	42,00	44,00	70,60
88213	42,00	44,00	70,60
79280	47,41	49,41	76,02
25584	36,56	38,56	65,16
51702	36,90	38,90	65,51
32805	37,58	39,58	66,19
56753	38,28	40,28	66,89
64283	35,57	37,57	64,18
12524	35,57	37,57	64,18
54498	35,89	37,89	64,50
39110	35,57	37,57	64,18
88483	42,00	43,99	70,60
45141	39,35	41,35	67,96
40219	37,58	39,58	66,19
14109	35,57	37,57	64,18
87751	43,58	45,58	72,19
86984	42,00	43,99	70,60
35753	35,89	37,89	64,50
61194	37,58	39,58	66,19
88437	40,46	42,46	69,07
97896	39,35	41,35	67,96
31860	37,58	39,58	66,19
31623	37,58	39,58	66,19
86517	40,46	42,46	69,07
56377	35,89	37,89	64,50
78736	37,58	39,58	66,19
87484	45,24	47,24	73,85
10627	35,57	37,57	64,18
34474	36,56	38,56	65,16
79865	39,35	41,35	67,96
83334	43,58	45,58	72,19
97264	39,35	41,35	67,96
64380	35,89	37,89	64,50
99636	35,57	37,57	64,18
29484	35,57	37,57	64,18
67245	39,35	41,35	67,96
18375	35,57	37,57	64,18
08233	35,57	37,57	64,18
54634	35,57	37,57	64,18
27639	36,56	38,56	65,16
21224	35,57	37,57	64,18
44799	37,58	39,58	66,19
29578	35,57	37,57	64,18
86163	40,46	42,46	69,07
67374	45,24	47,24	73,85
79263	40,46	42,46	69,07
63864	36,56	38,56	65,16
21680	36,56	38,56	65,16
85661	42,00	43,99	70,60
50354	38,28	40,28	66,89
95326	39,35	41,35	67,96
41844	40,46	42,46	69,07
60325	35,89	37,89	64,50
37287	36,56	38,56	65,16
24364	42,00	43,99	70,60
24989	37,58	39,58	66,19
08112	35,57	37,57	64,18
23923	36,90	38,90	65,51
28857	39,35	41,35	67,96
30179	36,90	38,90	65,51
21406	36,56	38,56	65,16
08236	35,57	37,57	64,18
97475	38,28	40,28	66,89
91586	42,00	43,99	70,60
31552	37,58	39,58	66,19
97256	36,90	38,90	65,51
83627	43,58	45,58	72,19
56567	36,90	38,90	65,51
24999	40,46	42,46	69,07
93179	47,41	49,41	76,02
89611	39,35	41,35	67,96
75331	37,58	39,58	66,19
86577	40,46	42,46	69,07
60594	35,89	37,89	64,50
80992	40,46	42,46	69,07
86368	42,00	43,99	70,60
33104	39,35	41,35	67,96
79801	43,58	45,58	72,19
63857	39,35	41,35	67,96
21493	35,89	37,89	64,50
23936	35,57	37,57	64,18
26759	43,58	45,58	72,19
76359	38,28	40,28	66,89
68766	40,46	42,46	69,07
59759	36,90	38,90	65,51
52399	40,46	42,46	69,07
84524	39,35	41,35	67,96
85551	39,35	41,35	67,96
33615	36,90	38,90	65,51
04880	35,57	37,57	64,18
91361	42,00	43,99	70,60
70437	36,90	38,90	65,51
15754	35,57	37,57	64,18
96052	38,28	40,28	66,89
38228	36,90	38,90	65,51
92224	39,35	41,35	67,96
04129	35,57	37,57	64,18
35315	36,56	38,56	65,16
79356	45,24	47,24	73,85
99834	35,89	37,89	64,50
85114	43,58	45,58	72,19
06846	35,57	37,57	64,18
78354	38,28	40,28	66,89
94362	47,41	49,41	76,02
67707	35,57	37,57	64,18
84326	47,41	49,41	76,02
99867	35,57	37,57	64,18
28832	37,58	39,58	66,19
99192	35,89	37,89	64,50
79312	42,00	43,99	70,60
95111	36,56	38,56	65,16
01591	35,57	37,57	64,18
92709	39,35	41,35	67,96
54426	35,57	37,57	64,18
97725	40,46	42,46	69,07
17389	35,57	37,57	64,18
38479	39,35	41,35	67,96
66115	35,57	37,57	64,18
35690	36,56	38,56	65,16
95689	37,58	39,58	66,19
78148	38,28	40,28	66,89
49699	43,58	45,58	72,19
56269	37,58	39,58	66,19
53173	37,58	39,58	66,19
65611	39,35	41,35	67,96
99831	35,89	37,89	64,50
48155	39,35	41,35	67,96
54597	35,89	37,89	64,50
67591	38,28	40,28	66,89
36208	36,56	38,56	65,16
84576	40,46	42,46	69,07
95359	43,58	45,58	72,19
24867	36,56	38,56	65,16
82327	40,46	42,46	69,07
97355	39,35	41,35	67,96
92360	45,24	47,24	73,85
53113	35,89	37,89	64,50
96479	39,35	41,35	67,96
16559	35,57	37,57	64,18
30175	37,58	39,58	66,19
26931	37,58	39,58	66,19
69427	36,90	38,90	65,51
24894	42,00	43,99	70,60
73547	36,56	38,56	65,16
29574	36,56	38,56	65,16
06571	35,57	37,57	64,18
46244	38,28	40,28	66,89
10318	35,57	37,57	64,18
19374	35,57	37,57	64,18
86859	43,58	45,58	72,19
77723	37,58	39,58	66,19
88099	47,41	49,41	76,02
76848	35,89	37,89	64,50
06388	35,57	37,57	64,18
56427	37,58	39,58	66,19
48720	47,41	49,41	76,02
55437	37,58	39,58	66,19
65195	36,56	38,56	65,16
31637	38,28	40,28	66,89
24536	35,57	37,57	64,18
91799	39,35	41,35	67,96
86911	42,00	43,99	70,60
59955	35,89	37,89	64,50
87727	45,24	47,24	73,85
14943	35,57	37,57	64,18
59067	39,35	41,35	67,96
31613	37,58	39,58	66,19
93095	42,00	43,99	70,60
92526	43,58	45,58	72,19
82538	42,00	43,99	70,60
27478	37,58	39,58	66,19
14469	35,57	37,57	64,18
74382	36,90	38,90	65,51
93426	47,41	49,41	76,02
18198	35,89	37,89	64,50
18469	35,57	37,57	64,18
15366	35,57	37,57	64,18
89441	40,46	42,46	69,07
47053	38,28	40,28	66,89
14929	35,57	37,57	64,18
67578	36,90	38,90	65,51
72800	37,58	39,58	66,19
92552	43,58	45,58	72,19
26817	45,24	47,24	73,85
12053	35,89	37,89	64,50
89607	40,46	42,46	69,07
87730	45,24	47,24	73,85
53518	36,56	38,56	65,16
20457	35,57	37,57	64,18
86453	42,00	43,99	70,60
93489	47,41	49,41	76,02
67814	37,58	39,58	66,19
88285	47,41	49,41	76,02
78359	39,35	41,35	67,96
83679	45,24	47,24	73,85
87677	45,24	47,24	73,85
09437	35,57	37,57	64,18
14728	35,57	37,57	64,18
31028	36,90	38,90	65,51
89359	40,46	42,46	69,07
32312	38,28	40,28	66,89
74549	38,28	40,28	66,89
29223	36,56	38,56	65,16
72119	39,35	41,35	67,96
03096	35,57	37,57	64,18
53506	36,56	38,56	65,16
64658	38,28	40,28	66,89
26826	43,58	45,58	72,19
86441	43,58	45,58	72,19
97688	37,58	39,58	66,19
99096	35,89	37,89	64,50
75179	36,90	38,90	65,51
85669	42,00	43,99	70,60
08239	35,57	37,57	64,18
76307	39,35	41,35	67,96
01219	35,57	37,57	64,18
74523	35,89	37,89	64,50
65550	39,35	41,35	67,96
91807	39,35	41,35	67,96
37589	36,56	38,56	65,16
82409	43,58	45,58	72,19
26655	39,35	41,35	67,96
18246	35,57	37,57	64,18
74391	36,90	38,90	65,51
45897	36,56	38,56	65,16
72186	36,90	38,90	65,51
61479	36,90	38,90	65,51
13359	36,56	38,56	65,16
74924	36,56	38,56	65,16
88524	40,46	42,46	69,07
67105	43,58	45,58	72,19
24354	39,35	41,35	67,96
21382	36,90	38,90	65,51
52396	39,35	41,35	67,96
90762	49,68	51,68	78,29
23996	35,57	37,57	64,18
07546	35,57	37,57	64,18
78669	38,28	40,28	66,89
94554	49,68	51,68	78,29
95691	39,35	41,35	67,96
86488	40,46	42,46	69,07
63867	36,90	38,90	65,51
71686	36,90	38,90	65,51
35085	36,90	38,90	65,51
38302	36,56	38,56	65,16
96135	40,46	42,46	69,07
18182	35,89	37,89	64,50
17219	35,57	37,57	64,18
16321	35,57	37,57	64,18
89537	38,28	40,28	66,89
94099	43,58	45,58	72,19
55576	38,28	40,28	66,89
18109	35,57	37,57	64,18
69214	42,00	43,99	70,60
83703	42,00	43,99	70,60
96191	40,46	42,46	69,07
42929	36,56	38,56	65,16
37639	36,90	38,90	65,51
53119	36,90	38,90	65,51
57645	36,90	38,90	65,51
47803	40,46	42,46	69,07
74595	36,56	38,56	65,16
56357	36,90	38,90	65,51
81545	40,46	42,46	69,07
44801	38,28	40,28	66,89
21398	36,90	38,90	65,51
94107	49,68	51,68	78,29
08134	35,57	37,57	64,18
87634	47,41	49,41	76,02
82216	40,46	42,46	69,07
79261	43,58	45,58	72,19
14806	35,57	37,57	64,18
54666	35,57	37,57	64,18
37281	36,56	38,56	65,16
01738	35,57	37,57	64,18
49770	45,24	47,24	73,85
77749	40,46	42,46	69,07
89364	42,00	43,99	70,60
24109	36,56	38,56	65,16
07330	35,57	37,57	64,18
24613	35,89	37,89	64,50
99842	35,57	37,57	64,18
96465	37,58	39,58	66,19
15746	35,57	37,57	64,18
55237	38,28	40,28	66,89
38471	36,56	38,56	65,16
97857	39,35	41,35	67,96
28790	40,46	42,46	69,07
64739	36,56	38,56	65,16
38879	35,57	37,57	64,18
08539	35,57	37,57	64,18
22359	35,57	37,57	64,18
04613	35,57	37,57	64,18
66127	35,57	37,57	64,18
39649	35,57	37,57	64,18
66882	35,89	37,89	64,50
29475	35,57	37,57	64,18
96167	42,00	43,99	70,60
12587	35,57	37,57	64,18
60386	36,90	38,90	65,51
25599	35,89	37,89	64,50
97517	40,46	42,46	69,07
09212	35,57	37,57	64,18
06317	35,57	37,57	64,18
25826	45,24	47,24	73,85
18586	35,57	37,57	64,18
07806	35,57	37,57	64,18
01237	35,57	37,57	64,18
37284	35,89	37,89	64,50
95358	37,58	39,58	66,19
50858	39,35	41,35	67,96
85259	40,46	42,46	69,07
97529	43,58	45,58	72,19
31311	37,58	39,58	66,19
12307	35,57	37,57	64,18
85777	42,00	43,99	70,60
55566	35,89	37,89	64,50
71577	35,57	37,57	64,18
85411	42,00	43,99	70,60
38116	37,58	39,58	66,19
74235	35,89	37,89	64,50
96269	43,58	45,58	72,19
88677	40,46	42,46	69,07
79112	39,35	41,35	67,96
83527	45,24	47,24	73,85
24111	35,89	37,89	64,50
70435	36,56	38,56	65,16
15230	35,57	37,57	64,18
74426	36,90	38,90	65,51
25845	35,57	37,57	64,18
97762	39,35	41,35	67,96
38382	36,90	38,90	65,51
38533	40,46	42,46	69,07
64732	36,56	38,56	65,16
59302	40,46	42,46	69,07
24861	36,56	38,56	65,16
02899	35,57	37,57	64,18
82383	40,46	42,46	69,07
74639	35,89	37,89	64,50
41539	39,35	41,35	67,96
03055	35,57	37,57	64,18
88368	45,24	47,24	73,85
31633	37,58	39,58	66,19
22393	35,57	37,57	64,18
63868	38,28	40,28	66,89
91717	37,58	39,58	66,19
85296	45,24	47,24	73,85
09243	35,57	37,57	64,18
21762	37,58	39,58	66,19
86456	42,00	43,99	70,60
57548	35,89	37,89	64,50
71540	35,89	37,89	64,50
73441	39,35	41,35	67,96
01904	35,57	37,57	64,18
78585	39,35	41,35	67,96
94339	47,41	49,41	76,02
69226	37,58	39,58	66,19
78713	37,58	39,58	66,19
10709	35,57	37,57	64,18
55590	36,56	38,56	65,16
48341	49,68	51,68	78,29
97080	35,89	37,89	64,50
13581	35,57	37,57	64,18
71065	38,28	40,28	66,89
60327	35,57	37,57	64,18
51467	36,56	38,56	65,16
47623	40,46	42,46	69,07
25858	35,89	37,89	64,50
06493	35,57	37,57	64,18
15834	35,57	37,57	64,18
79341	45,24	47,24	73,85
83565	43,58	45,58	72,19
34439	37,58	39,58	66,19
96274	42,00	43,99	70,60
39261	35,57	37,57	64,18
92265	42,00	43,99	70,60
20099	35,57	37,57	64,18
74906	36,90	38,90	65,51
54310	35,57	37,57	64,18
64287	35,89	37,89	64,50
87637	45,24	47,24	73,85
59909	36,90	38,90	65,51
73275	37,58	39,58	66,19
49626	45,24	47,24	73,85
10785	35,57	37,57	64,18
45701	36,90	38,90	65,51
71277	38,28	40,28	66,89
96050	40,46	42,46	69,07
96161	40,46	42,46	69,07
12353	35,57	37,57	64,18
97082	36,90	38,90	65,51
09241	35,57	37,57	64,18
79271	45,24	47,24	73,85
25785	35,89	37,89	64,50
28195	35,89	37,89	64,50
82272	43,58	45,58	72,19
21380	35,89	37,89	64,50
86701	43,58	45,58	72,19
94264	47,41	49,41	76,02
27251	39,35	41,35	67,96
26121	37,58	39,58	66,19
70499	37,58	39,58	66,19
60438	43,58	45,58	72,19
25588	35,89	37,89	64,50
47805	39,35	41,35	67,96
72124	37,58	39,58	66,19
79238	45,24	47,24	73,85
97249	37,58	39,58	66,19
37647	36,90	38,90	65,51
99947	35,89	37,89	64,50
04746	35,57	37,57	64,18
34119	35,57	37,57	64,18
94154	47,41	49,41	76,02
71159	38,28	40,28	66,89
50937	38,28	40,28	66,89
22589	35,57	37,57	64,18
08060	35,57	37,57	64,18
25938	35,57	37,57	64,18
54536	35,57	37,57	64,18
38467	36,90	38,90	65,51
06458	35,57	37,57	64,18
26434	37,58	39,58	66,19
40231	40,46	42,46	69,07
96361	37,58	39,58	66,19
03042	35,57	37,57	64,18
08315	35,57	37,57	64,18
42107	39,35	41,35	67,96
68809	42,00	43,99	70,60
77880	38,28	40,28	66,89
38376	36,56	38,56	65,16
27446	36,56	38,56	65,16
71717	35,89	37,89	64,50
37603	36,56	38,56	65,16
38838	35,57	37,57	64,18
44143	36,56	38,56	65,16
32457	39,35	41,35	67,96
31609	40,46	42,46	69,07
35585	35,57	37,57	64,18
12203	35,57	37,57	64,18
83735	40,46	42,46	69,07
97225	39,35	41,35	67,96
97708	39,35	41,35	67,96
06785	35,57	37,57	64,18
89177	37,58	39,58	66,19
39175	35,57	37,57	64,18
83646	40,46	42,46	69,07
32105	36,90	38,90	65,51
88364	45,24	47,24	73,85
63773	36,56	38,56	65,16
38226	35,57	37,57	64,18
66571	35,57	37,57	64,18
38368	35,89	37,89	64,50
48145	40,46	42,46	69,07
03050	35,57	37,57	64,18
66798	35,57	37,57	64,18
46354	45,24	47,24	73,85
59872	39,35	41,35	67,96
76863	40,46	42,46	69,07
91469	42,00	43,99	70,60
37297	35,89	37,89	64,50
73469	40,46	42,46	69,07
85716	42,00	43,99	70,60
70176	36,90	38,90	65,51
13583	35,57	37,57	64,18
26871	49,68	51,68	78,29
79875	38,28	40,28	66,89
39264	35,57	37,57	64,18
75392	38,28	40,28	66,89
18249	35,57	37,57	64,18
74918	37,58	39,58	66,19
89186	40,46	42,46	69,07
74838	35,89	37,89	64,50
41564	40,46	42,46	69,07
07922	35,57	37,57	64,18
14542	35,57	37,57	64,18
84178	47,41	49,41	76,02
67466	37,58	39,58	66,19
30826	39,35	41,35	67,96
24893	39,35	41,35	67,96
47166	40,46	42,46	69,07
52388	39,35	41,35	67,96
07333	35,57	37,57	64,18
39221	35,57	37,57	64,18
25797	35,57	37,57	64,18
86747	37,58	39,58	66,19
25725	35,89	37,89	64,50
26954	40,46	42,46	69,07
86935	45,24	47,24	73,85
65606	39,35	41,35	67,96
15378	35,57	37,57	64,18
97513	40,46	42,46	69,07
07927	35,57	37,57	64,18
24620	36,90	38,90	65,51
25575	35,57	37,57	64,18
90491	45,24	47,24	73,85
86514	45,24	47,24	73,85
88422	39,35	41,35	67,96
97834	39,35	41,35	67,96
74388	36,56	38,56	65,16
98724	35,57	37,57	64,18
71154	39,35	41,35	67,96
35619	36,56	38,56	65,16
98631	36,56	38,56	65,16
36452	35,89	37,89	64,50
69436	38,28	40,28	66,89
09127	35,57	37,57	64,18
35689	35,89	37,89	64,50
39114	35,57	37,57	64,18
73116	38,28	40,28	66,89
67716	35,89	37,89	64,50
87787	47,41	49,41	76,02
89346	40,46	42,46	69,07
79774	39,35	41,35	67,96
82404	40,46	42,46	69,07
09405	35,57	37,57	64,18
64297	36,90	38,90	65,51
73087	37,58	39,58	66,19
79682	35,89	37,89	64,50
66132	35,57	37,57	64,18
87772	42,00	43,99	70,60
26919	36,90	38,90	65,51
85126	43,58	45,58	72,19
78606	39,35	41,35	67,96
48249	42,00	43,99	70,60
82386	42,00	43,99	70,60
24631	36,90	38,90	65,51
88441	42,00	43,99	70,60
99706	35,57	37,57	64,18
35756	36,90	38,90	65,51
63906	37,58	39,58	66,19
04442	35,57	37,57	64,18
49638	47,41	49,41	76,02
67732	36,56	38,56	65,16
90537	43,58	45,58	72,19
31542	36,56	38,56	65,16
54421	35,89	37,89	64,50
41748	42,00	43,99	70,60
66994	35,57	37,57	64,18
49838	47,41	49,41	76,02
16247	35,57	37,57	64,18
01139	35,57	37,57	64,18
21712	35,57	37,57	64,18
29575	35,89	37,89	64,50
14959	35,57	37,57	64,18
78098	39,35	41,35	67,96
48324	45,24	47,24	73,85
26721	40,46	42,46	69,07
54290	35,57	37,57	64,18
89443	40,46	42,46	69,07
29313	38,28	40,28	66,89
66806	35,57	37,57	64,18
83670	40,46	42,46	69,07
34479	36,90	38,90	65,51
32689	37,58	39,58	66,19
48477	47,41	49,41	76,02
67744	35,57	37,57	64,18
69118	36,90	38,90	65,51
72649	36,90	38,90	65,51
46562	40,46	42,46	69,07
96179	40,46	42,46	69,07
30161	37,58	39,58	66,19
32120	38,28	40,28	66,89
53757	36,90	38,90	65,51
95615	37,58	39,58	66,19
23558	35,57	37,57	64,18
97799	37,58	39,58	66,19
76227	40,46	42,46	69,07
46240	39,35	41,35	67,96
41066	40,46	42,46	69,07
04567	35,57	37,57	64,18
92256	40,46	42,46	69,07
65375	38,28	40,28	66,89
12049	35,89	37,89	64,50
14554	35,57	37,57	64,18
65719	36,56	38,56	65,16
56459	36,56	38,56	65,16
75438	39,35	41,35	67,96
86420	40,46	42,46	69,07
92260	45,24	47,24	73,85
25997	35,57	37,57	64,18
48429	47,41	49,41	76,02
83512	43,58	45,58	72,19
80638	42,00	43,99	70,60
80687	40,46	42,46	69,07
04416	35,89	37,89	64,50
79276	45,24	47,24	73,85
86857	42,00	43,99	70,60
36110	35,89	37,89	64,50
99102	35,89	37,89	64,50
92353	47,41	49,41	76,02
86179	37,58	39,58	66,19
91788	40,46	42,46	69,07
65614	37,58	39,58	66,19
94146	49,68	51,68	78,29
20539	35,57	37,57	64,18
40489	39,35	41,35	67,96
92540	45,24	47,24	73,85
17213	35,57	37,57	64,18
87779	40,46	42,46	69,07
91619	39,35	41,35	67,96
35305	35,89	37,89	64,50
72250	39,35	41,35	67,96
44625	37,58	39,58	66,19
78467	35,89	37,89	64,50
86489	42,00	43,99	70,60
86444	43,58	45,58	72,19
24870	36,90	38,90	65,51
36341	35,89	37,89	64,50
91710	39,35	41,35	67,96
69117	35,89	37,89	64,50
86853	40,46	42,46	69,07
